{"cameraMode":{"drawMode":0,"name":"Shaded","section":"Shading Mode"},"sceneLighting":false,"audioPlay":false,"sceneViewState":{"m_AlwaysRefresh":false,"showFog":true,"showSkybox":false,"showFlares":true,"showImageEffects":true,"showParticleSystems":true,"showVisualEffectGraphs":true,"m_FxEnabled":true},"in2DMode":false,"pivot":{"x":-32.900001525878909,"y":5.476652145385742,"z":-32.582061767578128},"rotation":{"x":0.3325456976890564,"y":-0.12818849086761475,"z":0.045672763139009479,"w":0.9332295060157776},"size":0.8660253882408142,"orthographic":false}