{"cameraMode":{"drawMode":0,"name":"Shaded","section":"Shading Mode"},"sceneLighting":false,"audioPlay":false,"sceneViewState":{"m_AlwaysRefresh":false,"showFog":false,"showSkybox":false,"showFlares":false,"showImageEffects":false,"showParticleSystems":false,"showVisualEffectGraphs":true,"m_FxEnabled":true},"in2DMode":false,"pivot":{"x":0.09590737521648407,"y":0.6822539567947388,"z":0.4600638747215271},"rotation":{"x":0.12804238498210908,"y":0.5828834772109985,"z":-0.09365496784448624,"w":0.7969328761100769},"size":1.6187448501586915,"orthographic":false}