{"cameraMode":{"drawMode":0,"name":"Shaded","section":"Shading Mode"},"sceneLighting":false,"audioPlay":false,"sceneViewState":{"m_AlwaysRefresh":false,"showFog":true,"showSkybox":false,"showFlares":true,"showImageEffects":true,"showParticleSystems":true,"showVisualEffectGraphs":true,"m_FxEnabled":true},"in2DMode":false,"pivot":{"x":-5.010403633117676,"y":2.3577091693878176,"z":-11.00320053100586},"rotation":{"x":-0.03929952532052994,"y":0.00209481967613101,"z":-0.00008247775258496404,"w":-0.99922776222229},"size":0.9879873394966126,"orthographic":false}